number,title,source,title_lower,has_erc20,has_erc721,has_erc1155,has_safemath,has_accesscontrol,has_governor,has_ownable,has_proxy,has_timelock,has_merkle,op_transfer,op_approve,op_mint,op_burn,op_initialize,op_deploy,op_upgrade,op_delegatecall,op_verify,op_validate,is_bug_related,dasp_category,confidence,manual_review,correct_category,notes
5413,fix: Fixing issue with import.meta.dirname usage Update run.js,fix,fix: fixing issue with import.meta.dirname usage update run.js,False,False,False,False,False,False,False,False,False,False,False,False,False,False,False,False,False,False,False,False,True,操纵区块时间戳,1.5,,,
5404, fix: add symbol length and character validation,fix, fix: add symbol length and character validation,False,False,False,False,False,False,False,False,False,False,False,False,False,False,False,False,False,False,False,False,True,算术问题,1.5,,,
5401,Fix bash script set max old space on linux,fix,fix bash script set max old space on linux,False,False,False,False,False,False,False,False,False,False,False,False,False,False,False,False,False,False,False,False,True,未分类,0.5,,,
5396,fix: Error Handling and Improvements in File Deletion Process,fix,fix: error handling and improvements in file deletion process,False,False,False,False,False,False,False,False,False,False,False,False,False,False,False,False,False,False,False,False,True,未分类,0.5,,,
5393,fix: fix incorrect usage of import.meta.dirname in Node.js,fix,fix: fix incorrect usage of import.meta.dirname in node.js,False,False,False,False,False,False,False,False,False,False,False,False,False,False,False,False,False,False,False,False,True,未分类,0.5,,,
5392,Fix envvar setting for test and coverage,fix,fix envvar setting for test and coverage,False,False,False,False,False,False,False,False,False,False,False,False,False,False,False,False,False,False,False,False,True,未分类,0.5,,,
5374,fix: Add error handling for npm pack command Update pack.sh,fix,fix: add error handling for npm pack command update pack.sh,False,False,False,False,False,False,False,False,False,False,False,False,False,False,False,False,False,False,False,False,True,算术问题,1.5,,,
5370,fix:  Fix invalid usage of import.meta.dirname Update run.js,fix,fix:  fix invalid usage of import.meta.dirname update run.js,False,False,False,False,False,False,False,False,False,False,False,False,False,False,False,False,False,False,False,False,True,操纵区块时间戳,1.5,,,
5342,"Cherry-pick ""Fix v5.2 testing"" from the release-v5.2 branch",fix,"cherry-pick ""fix v5.2 testing"" from the release-v5.2 branch",False,False,False,False,False,False,False,False,False,False,False,False,False,False,False,False,False,False,False,False,True,未分类,0.5,,,
5339,Fix v5.2 testing,fix,fix v5.2 testing,False,False,False,False,False,False,False,False,False,False,False,False,False,False,False,False,False,False,False,False,True,未分类,0.5,,,
5335,Fix Syntax Errors in Mapping Definitions,fix,fix syntax errors in mapping definitions,False,False,False,False,False,False,False,False,False,False,False,False,False,False,False,False,False,False,False,False,True,错误的构造器命名,1.5,,,
5334,Fix Syntax Error in _balances Mapping Declaration,fix,fix syntax error in _balances mapping declaration,False,False,False,False,False,False,False,False,False,False,False,False,False,False,False,False,False,False,False,False,True,算术问题,1.5,,,
5332,Fix return type for decodeSingle function to avoid potential issues w…,fix,fix return type for decodesingle function to avoid potential issues w…,False,False,False,False,False,False,False,False,False,False,False,False,False,False,False,False,False,False,False,False,True,未分类,0.5,,,
5331,Fix incorrect syntax in RoleData mapping definition,fix,fix incorrect syntax in roledata mapping definition,False,False,False,False,False,False,False,False,False,False,False,False,False,False,False,False,False,False,False,False,True,访问控制问题,1.5,,,
5330,Release v5.2 audit fixes,fix,release v5.2 audit fixes,False,False,False,False,False,False,False,False,False,False,False,False,False,False,False,False,False,False,False,False,True,未分类,0.5,,,
5317,Various changes to code clarity (Fix N-07),fix,various changes to code clarity (fix n-07),False,False,False,False,False,False,False,False,False,False,False,False,False,False,False,False,False,False,False,False,True,未分类,0.5,,,
5316,Fix: Ensure cross-platform compatibility for sed command in CI script,fix,fix: ensure cross-platform compatibility for sed command in ci script,False,False,False,False,False,False,False,False,False,False,False,False,False,False,False,False,False,False,False,False,True,未分类,0.5,,,
5308,"Fix 5.2 audit L-05, N-03, N-04, N-05 and N-06 issues",fix,"fix 5.2 audit l-05, n-03, n-04, n-05 and n-06 issues",False,False,False,False,False,False,False,False,False,False,False,False,False,False,False,False,False,False,False,False,True,未分类,0.5,,,
5248,Fix account abstraction upgradeable testing,fix,fix account abstraction upgradeable testing,False,False,False,False,False,False,False,False,False,False,False,False,False,False,False,False,True,False,False,False,True,未知函数调用,1.5,,,
5241,Bug report,bug,bug report,False,False,False,False,False,False,False,False,False,False,False,False,False,False,False,False,False,False,False,False,True,未分类,0.5,,,
5218,Fix P256 corner cases,fix,fix p256 corner cases,False,False,False,False,False,False,False,False,False,False,False,False,False,False,False,False,False,False,False,False,True,未分类,0.5,,,
5199,Fix ordering of functions,fix,fix ordering of functions,False,False,False,False,False,False,False,False,False,False,False,False,False,False,False,False,False,False,False,False,True,未分类,0.5,,,
5141,Fix `prepare` when using as git repository dependency,fix,fix `prepare` when using as git repository dependency,False,False,False,False,False,False,False,False,False,False,False,False,False,False,False,False,False,False,False,False,True,未分类,0.5,,,
5086,chore: fix the broken link,fix,chore: fix the broken link,False,False,False,False,False,False,False,False,False,False,False,False,False,False,False,False,False,False,False,False,True,未分类,0.5,,,
5069,Fix dirty bits in upper bits in implementation address in `Clones.sol`,fix,fix dirty bits in upper bits in implementation address in `clones.sol`,False,False,False,False,False,False,False,False,False,False,False,False,False,False,False,False,False,False,False,False,True,算术问题,1.5,,,
5058,Fix invalid memory-safe annotation,fix,fix invalid memory-safe annotation,False,False,False,False,False,False,False,False,False,False,False,False,False,False,False,False,False,False,False,False,True,拒绝服务,1.5,,,
5055,Fix Codespell,fix,fix codespell,False,False,False,False,False,False,False,False,False,False,False,False,False,False,False,False,False,False,False,False,True,未分类,0.5,,,
5037,Fix Governor.t.sol's duplicate words,fix,fix governor.t.sol's duplicate words,False,False,False,False,False,True,False,False,False,False,False,False,False,False,False,False,False,False,False,False,True,未分类,0.5,,,
4969,Fix excessive gas usage when at or near cap.,fix,fix excessive gas usage when at or near cap.,False,False,False,False,False,False,False,False,False,False,False,False,False,False,False,False,False,False,False,False,True,拒绝服务,1.5,,,
4966,"Fixing ""Invalid OpCode"" Truffle Error with Openzeppelin Library Installed",fix,"fixing ""invalid opcode"" truffle error with openzeppelin library installed",False,False,False,False,False,False,False,False,False,False,False,False,False,False,False,False,False,False,False,False,True,未分类,0.5,,,
4922,Bug bounty,bug,bug bounty,False,False,False,False,False,False,False,False,False,False,False,False,False,False,False,False,False,False,False,False,True,未分类,0.5,,,
4838,Fix gasReport format,fix,fix gasreport format,False,False,False,False,False,False,False,False,False,False,False,False,False,False,False,False,False,False,False,False,True,拒绝服务,1.5,,,
4824,Fix gas report generation,fix,fix gas report generation,False,False,False,False,False,False,False,False,False,False,False,False,False,False,False,False,False,False,False,False,True,拒绝服务,1.5,,,
4707,param provided instead of fixed value,fix,param provided instead of fixed value,False,False,False,False,False,False,False,False,False,False,False,False,False,False,False,False,False,False,False,False,True,未分类,0.5,,,
4706,Use param instead of a fixed value in event,fix,use param instead of a fixed value in event,False,False,False,False,False,False,False,False,False,False,False,False,False,False,False,False,False,False,False,False,True,未分类,0.5,,,
4699,Fix release tagging,fix,fix release tagging,False,False,False,False,False,False,False,False,False,False,False,False,False,False,False,False,False,False,False,False,True,未分类,0.5,,,
4648,Fix coverage analysis,fix,fix coverage analysis,False,False,False,False,False,False,False,False,False,False,False,False,False,False,False,False,False,False,False,False,True,未分类,0.5,,,
4646,Fix release tagging,fix,fix release tagging,False,False,False,False,False,False,False,False,False,False,False,False,False,False,False,False,False,False,False,False,True,未分类,0.5,,,
4637,Fix upgradeable patch in release branches,fix,fix upgradeable patch in release branches,False,False,False,False,False,False,False,False,False,False,False,False,False,False,False,False,True,False,False,False,True,未知函数调用,1.5,,,
4616,Fix changesets,fix,fix changesets,False,False,False,False,False,False,False,False,False,False,False,False,False,False,False,False,False,False,False,False,True,未分类,0.5,,,
4610,Merge latest audit fixes,fix,merge latest audit fixes,False,False,False,False,False,False,False,False,False,False,False,False,False,False,False,False,False,False,False,False,True,未分类,0.5,,,
4593,Fix flaky test in AccessManager,fix,fix flaky test in accessmanager,False,False,False,False,False,False,False,False,False,False,False,False,False,False,False,False,False,False,False,False,True,访问控制问题,1.5,,,
4532,Fix blog link ,fix,fix blog link ,False,False,False,False,False,False,False,False,False,False,False,False,False,False,False,False,False,False,False,False,True,未分类,0.5,,,
4516,Some fixes and improvements to AccessManager,fix,some fixes and improvements to accessmanager,False,False,False,False,False,False,False,False,False,False,False,False,False,False,False,False,False,False,False,False,True,访问控制问题,1.5,,,
4483,#fixes Some modifiers could use internal functions to reduce code size impact ,fix,#fixes some modifiers could use internal functions to reduce code size impact ,False,False,False,False,False,False,False,False,False,False,False,False,False,False,False,False,False,False,False,False,True,默认可见性,1.5,,,
4474,OpenZeppelin avoided paying the bug bounty for disclosing a flaw in the contract that caused a freeze of $1.1B worth of assets,bug,openzeppelin avoided paying the bug bounty for disclosing a flaw in the contract that caused a freeze of $1.1b worth of assets,False,False,False,False,False,False,False,False,False,False,False,False,False,False,False,False,False,False,False,False,True,未分类,0.5,,,
4391,Fix details AccessControl-test,fix,fix details accesscontrol-test,False,False,False,False,True,False,False,False,False,False,False,False,False,False,False,False,False,False,False,False,True,访问控制问题,1.5,,,
4383,5.0 Architecture Thread - Fix Governance Interface Architecture,fix,5.0 architecture thread - fix governance interface architecture,False,False,False,False,False,False,False,False,False,False,False,False,False,False,False,False,False,False,False,False,True,未分类,0.5,,,
4374,Fix attempt to delete nonexistent npm tag,fix,fix attempt to delete nonexistent npm tag,False,False,False,False,False,False,False,False,False,False,False,False,False,False,False,False,False,False,False,False,True,未分类,0.5,,,
4285,fix: avoid zero-value transfer attack,fix,fix: avoid zero-value transfer attack,False,False,False,False,False,False,False,False,False,False,True,False,False,False,False,False,False,False,False,False,True,算术问题,1.5,,,
4273,Fix release merge script,fix,fix release merge script,False,False,False,False,False,False,False,False,False,False,False,False,False,False,False,False,False,False,False,False,True,未分类,0.5,,,
4265,Fix error when running hardhat test with parameters,fix,fix error when running hardhat test with parameters,False,False,False,False,False,False,False,False,False,False,False,False,False,False,False,False,False,False,False,False,True,未分类,0.5,,,
4249,Fixed grammatical erros,fix,fixed grammatical erros,False,False,False,False,False,False,False,False,False,False,False,False,False,False,False,False,False,False,False,False,True,未分类,0.5,,,
4213,Fix early reporting of FV prover's output,fix,fix early reporting of fv prover's output,False,False,False,False,False,False,False,False,False,False,False,False,False,False,False,False,False,False,False,False,True,未分类,0.5,,,
4183,Fix release note in `IERC1967`,fix,fix release note in `ierc1967`,False,False,False,False,False,False,False,False,False,False,False,False,False,False,False,False,False,False,False,False,True,未分类,0.5,,,
4179,Make sendValue suggest a fix on revert,fix,make sendvalue suggest a fix on revert,False,False,False,False,False,False,False,False,False,False,False,False,False,False,False,False,False,False,False,False,True,未检查的返回值,1.5,,,
4168,"Alternative fix  for the TransparentUpgradeableProxy ""decoding"" bug",fix,"alternative fix  for the transparentupgradeableproxy ""decoding"" bug",False,False,False,False,False,False,False,True,False,False,False,False,False,False,False,False,True,False,False,False,True,未知函数调用,1.5,,,
4160,Fix spurious CI check failures,fix,fix spurious ci check failures,False,False,False,False,False,False,False,False,False,False,False,False,False,False,False,False,False,False,False,False,True,未检查的返回值,1.5,,,
4154,Fix TransparentUpgradeableProxy's transparency,fix,fix transparentupgradeableproxy's transparency,False,False,False,False,False,False,False,True,False,False,False,False,False,False,False,False,True,False,False,False,True,未知函数调用,1.5,,,
4152,Fix calldata encoding when signatures is an empty array,fix,fix calldata encoding when signatures is an empty array,False,False,False,False,False,False,False,False,False,False,False,False,False,False,False,False,False,False,False,False,True,拒绝服务,1.5,,,
4088,Fix empty short string encoding,fix,fix empty short string encoding,False,False,False,False,False,False,False,False,False,False,False,False,False,False,False,False,False,False,False,False,True,未分类,0.5,,,
4082,Fix an upgrade replay bug in Governor.propose,fix,fix an upgrade replay bug in governor.propose,False,False,False,False,False,True,False,False,False,False,False,False,False,False,False,False,True,False,False,False,True,未知函数调用,1.5,,,
4074,Fix ERC1363 interfaceId,fix,fix erc1363 interfaceid,False,False,False,False,False,False,False,False,False,False,False,False,False,False,False,False,False,False,False,False,True,未分类,0.5,,,
3991,Improvment Bugish Behavior to ERC-721 Token Counters ,bug,improvment bugish behavior to erc-721 token counters ,False,False,False,False,False,False,False,False,False,False,False,False,False,False,False,False,False,False,False,False,True,未分类,0.5,,,
3988,fix: lint should not override files,fix,fix: lint should not override files,False,False,False,False,False,False,False,False,False,False,False,False,False,False,False,False,False,False,False,False,True,未分类,0.5,,,
3978,Fix changeset action access to ref branch,fix,fix changeset action access to ref branch,False,False,False,False,False,False,False,False,False,False,False,False,False,False,False,False,False,False,False,False,True,访问控制问题,1.5,,,
3957,Fix wrong PR `CHANGELOG` link,fix,fix wrong pr `changelog` link,False,False,False,False,False,False,False,False,False,False,False,False,False,False,False,False,False,False,False,False,True,未分类,0.5,,,
3901,Fix links to Wizard,fix,fix links to wizard,False,False,False,False,False,False,False,False,False,False,False,False,False,False,False,False,False,False,False,False,True,未分类,0.5,,,
3822,"Fixed GPLQ spec, all rules passing",fix,"fixed gplq spec, all rules passing",False,False,False,False,False,False,False,False,False,False,False,False,False,False,False,False,False,False,False,False,True,未分类,0.5,,,
3793,Remove the draft prefix to ERC20Permit,fix,remove the draft prefix to erc20permit,True,False,False,False,False,False,False,False,False,False,False,False,False,False,False,False,False,False,False,False,True,未分类,1.0,,,
3791,Security fixes for contracts using Solidity v0.7?,fix,security fixes for contracts using solidity v0.7?,False,False,False,False,False,False,False,False,False,False,False,False,False,False,False,False,False,False,False,False,True,未分类,0.5,,,
3732,Fix incorrect issue number in CHANGELOG,fix,fix incorrect issue number in changelog,False,False,False,False,False,False,False,False,False,False,False,False,False,False,False,False,False,False,False,False,True,未分类,0.5,,,
3728,Fixes broken link,fix,fixes broken link,False,False,False,False,False,False,False,False,False,False,False,False,False,False,False,False,False,False,False,False,True,未分类,0.5,,,
3716,Fix fuzzing coverage,fix,fix fuzzing coverage,False,False,False,False,False,False,False,False,False,False,False,False,False,False,False,False,False,False,False,False,True,未分类,0.5,,,
3710,Fix issue number in CHANGELOG,fix,fix issue number in changelog,False,False,False,False,False,False,False,False,False,False,False,False,False,False,False,False,False,False,False,False,True,未分类,0.5,,,
3685,Fix relevant warnings,fix,fix relevant warnings,False,False,False,False,False,False,False,False,False,False,False,False,False,False,False,False,False,False,False,False,True,未分类,0.5,,,
3667,fix/addons,fix,fix/addons,False,False,False,False,False,False,False,False,False,False,False,False,False,False,False,False,False,False,False,False,True,算术问题,1.5,,,
3660,Add Infix Notation Expression Evaluation Utility,fix,add infix notation expression evaluation utility,False,False,False,False,False,False,False,False,False,False,False,False,False,False,False,False,False,False,False,False,True,算术问题,1.5,,,
3621,Remove the draft prefix for EIP712 as it is now final,fix,remove the draft prefix for eip712 as it is now final,False,False,False,False,False,False,False,False,False,False,False,False,False,False,False,False,False,False,False,False,True,操纵区块时间戳,1.5,,,
3615,"AccessControl report bug: TypeError: Member ""toHexString"" not found or not visible after argument-dependent lookup in type(library Strings).",bug,"accesscontrol report bug: typeerror: member ""tohexstring"" not found or not visible after argument-dependent lookup in type(library strings).",False,False,False,False,True,False,False,False,False,False,False,False,False,False,False,False,False,False,False,False,True,访问控制问题,1.5,,,
3610,Fix ECDSA signature malleability,fix,fix ecdsa signature malleability,False,False,False,False,False,False,False,False,False,False,False,False,False,False,False,False,False,False,False,False,True,未分类,0.5,,,
3578,Fix arbitrum L1 to L2 crosschain call detection,fix,fix arbitrum l1 to l2 crosschain call detection,False,False,False,False,False,False,False,False,False,False,False,False,False,False,False,False,False,False,False,False,True,未分类,0.5,,,
3552,Fix issues caused by abi.decode reverting,fix,fix issues caused by abi.decode reverting,False,False,False,False,False,False,False,False,False,False,False,False,False,False,False,False,False,False,False,False,True,未检查的返回值,1.5,,,
3537,Fix broken forum URL,fix,fix broken forum url,False,False,False,False,False,False,False,False,False,False,False,False,False,False,False,False,False,False,False,False,True,未分类,0.5,,,
3519,Fix changelog,fix,fix changelog,False,False,False,False,False,False,False,False,False,False,False,False,False,False,False,False,False,False,False,False,True,未分类,0.5,,,
3446,Fix merkle multiProof for single leaf tree,fix,fix merkle multiproof for single leaf tree,False,False,False,False,False,False,False,False,False,True,False,False,False,False,False,False,False,False,False,False,True,算术问题,1.5,,,
3413,Fix return parameter,fix,fix return parameter,False,False,False,False,False,False,False,False,False,False,False,False,False,False,False,False,False,False,False,False,True,未分类,0.5,,,
3404,Bug in MainNet ERC20,bug,bug in mainnet erc20,True,False,False,False,False,False,False,False,False,False,False,False,False,False,False,False,False,False,False,False,True,未分类,1.0,,,
3382,fix Memory-Safe Assembly#3336 in ECDSA.sol file,fix,fix memory-safe assembly#3336 in ecdsa.sol file,False,False,False,False,False,False,False,False,False,False,False,False,False,False,False,False,False,False,False,False,True,拒绝服务,1.5,,,
3364,Fix changelog merge issue,fix,fix changelog merge issue,False,False,False,False,False,False,False,False,False,False,False,False,False,False,False,False,False,False,False,False,True,未分类,0.5,,,
3351,Fix ERC777 link,fix,fix erc777 link,False,False,False,False,False,False,False,False,False,False,False,False,False,False,False,False,False,False,False,False,True,未分类,0.5,,,
3333,Fix deprecated expectEvent.inLogs #3332,fix,fix deprecated expectevent.inlogs #3332,False,False,False,False,False,False,False,False,False,False,False,False,False,False,False,False,False,False,False,False,True,未分类,0.5,,,
3306,fix transpilation of the crosschain mocks,fix,fix transpilation of the crosschain mocks,False,False,False,False,False,False,False,False,False,False,False,False,False,False,False,False,False,False,False,False,True,未分类,0.5,,,
3289,Bug: contracts/*.json files are not being bundled with npm package,bug,bug: contracts/*.json files are not being bundled with npm package,False,False,False,False,False,False,False,False,False,False,False,False,False,False,False,False,False,False,False,False,True,未分类,0.5,,,
3241,Fix camel case,fix,fix camel case,False,False,False,False,False,False,False,False,False,False,False,False,False,False,False,False,False,False,False,False,True,未分类,0.5,,,
3169,Fix,fix,fix,False,False,False,False,False,False,False,False,False,False,False,False,False,False,False,False,False,False,False,False,True,未分类,0.5,,,
3156,fix issue #3155,fix,fix issue #3155,False,False,False,False,False,False,False,False,False,False,False,False,False,False,False,False,False,False,False,False,True,未分类,0.5,,,
3130,Fix use of ^ (xor) instead of ** (power),fix,fix use of ^ (xor) instead of ** (power),False,False,False,False,False,False,False,False,False,False,False,False,False,False,False,False,False,False,False,False,True,未分类,0.5,,,
3114,Fix broken pull request links in change log,fix,fix broken pull request links in change log,False,False,False,False,False,False,False,False,False,False,False,False,False,False,False,False,False,False,False,False,True,未分类,0.5,,,
3111,Fix broken pull request links in change log,fix,fix broken pull request links in change log,False,False,False,False,False,False,False,False,False,False,False,False,False,False,False,False,False,False,False,False,True,未分类,0.5,,,
3100,Fix encoding of signature+calldata in GovernorCompatibilityBravo,fix,fix encoding of signature+calldata in governorcompatibilitybravo,False,False,False,False,False,True,False,False,False,False,False,False,False,False,False,False,False,False,False,False,True,未分类,0.5,,,
3051,Fix issue #3050,fix,fix issue #3050,False,False,False,False,False,False,False,False,False,False,False,False,False,False,False,False,False,False,False,False,True,未分类,0.5,,,
3039,Fix memory leak in merkle verification,fix,fix memory leak in merkle verification,False,False,False,False,False,False,False,False,False,True,False,False,False,False,False,False,False,False,False,False,True,拒绝服务,1.5,,,
3014,Fix/total supply 3013,fix,fix/total supply 3013,False,False,False,False,False,False,False,False,False,False,False,False,False,False,False,False,False,False,False,False,True,未分类,0.5,,,
2976,Fix IGovernorTimelock,fix,fix igovernortimelock,False,False,False,False,False,True,False,False,True,False,False,False,False,False,False,False,False,False,False,False,True,操纵区块时间戳,1.5,,,
2975,Fixed confusing require() string,fix,fixed confusing require() string,False,False,False,False,False,False,False,False,False,False,False,False,False,False,False,False,False,False,False,False,True,未分类,0.5,,,
2956,Fix ERC1155 supply tracking,fix,fix erc1155 supply tracking,False,False,True,False,False,False,False,False,False,False,False,False,False,False,False,False,False,False,False,False,True,未分类,1.0,,,
2941,`ERC20PresetFixedSupply` does not have fixed supply,fix,`erc20presetfixedsupply` does not have fixed supply,True,False,False,False,False,False,False,False,False,False,False,False,False,False,False,False,False,False,False,False,True,未分类,1.0,,,
2886,Bug: Governor state ,bug,bug: governor state ,False,False,False,False,False,True,False,False,False,False,False,False,False,False,False,False,False,False,False,False,True,未分类,0.5,,,
2853,Bug: ERC20 tokens sent to paymentsplitter.sol will be lost. ,bug,bug: erc20 tokens sent to paymentsplitter.sol will be lost. ,True,False,False,False,False,False,False,False,False,False,False,False,False,False,False,False,False,False,False,False,True,未分类,1.0,,,
2814,Fix inconsistencies in contract/test hierachy,fix,fix inconsistencies in contract/test hierachy,False,False,False,False,False,False,False,False,False,False,False,False,False,False,False,False,False,False,False,False,True,未分类,0.5,,,
2798,Remove all underbar prefix for function parameters,fix,remove all underbar prefix for function parameters,False,False,False,False,False,False,False,False,False,False,False,False,False,False,False,False,False,False,False,False,True,未分类,0.5,,,
2792,"ERC-721 implementation uses static calls of override functions, and can cause problems when subclassed",problem,"erc-721 implementation uses static calls of override functions, and can cause problems when subclassed",False,False,False,False,False,False,False,False,False,False,False,False,False,False,False,False,False,False,False,False,True,算术问题,1.0,,,
2775,fix yellowpaper reference,fix,fix yellowpaper reference,False,False,False,False,False,False,False,False,False,False,False,False,False,False,False,False,False,False,False,False,True,未分类,0.5,,,
2747,A fixed supply ERC20 token that use an immutable for `totalSupply`.,fix,a fixed supply erc20 token that use an immutable for `totalsupply`.,True,False,False,False,False,False,False,False,False,False,False,False,False,False,False,False,False,False,False,False,True,未分类,1.0,,,
2722,Fix function ordering in ERC1967Upgrades,fix,fix function ordering in erc1967upgrades,False,False,False,False,False,False,False,False,False,False,False,False,False,False,False,False,True,False,False,False,True,未知函数调用,1.5,,,
2667,Fix whitespace in ERC777 ,fix,fix whitespace in erc777 ,False,False,False,False,False,False,False,False,False,False,False,False,False,False,False,False,False,False,False,False,True,未分类,0.5,,,
2626,Fix merge issue in CHANGELOG.md,fix,fix merge issue in changelog.md,False,False,False,False,False,False,False,False,False,False,False,False,False,False,False,False,False,False,False,False,True,未分类,0.5,,,
2548,Fix mentions of buidler,fix,fix mentions of buidler,False,False,False,False,False,False,False,False,False,False,False,False,False,False,False,False,False,False,False,False,True,未分类,0.5,,,
2519,Fix npm package artifacts broken since migration to Hardhat,fix,fix npm package artifacts broken since migration to hardhat,False,False,False,False,False,False,False,False,False,False,False,False,False,False,False,False,False,False,False,False,True,未分类,0.5,,,
2483,Fix ERC777 potential reentrancy issues,fix,fix erc777 potential reentrancy issues,False,False,False,False,False,False,False,False,False,False,False,False,False,False,False,False,False,False,False,False,True,重入攻击,1.5,,,
2396,Fix/solc 0.7.4 warnings #2391,fix,fix/solc 0.7.4 warnings #2391,False,False,False,False,False,False,False,False,False,False,False,False,False,False,False,False,False,False,False,False,True,未分类,0.5,,,
2358,Fix function state mutability warning,fix,fix function state mutability warning,False,False,False,False,False,False,False,False,False,False,False,False,False,False,False,False,False,False,False,False,True,未分类,0.5,,,
2350,Fix test on TokenVesting draft,fix,fix test on tokenvesting draft,False,False,False,False,False,False,False,False,False,False,False,False,False,False,False,False,False,False,False,False,True,未分类,0.5,,,
2327,Fix function state mutability warning,fix,fix function state mutability warning,False,False,False,False,False,False,False,False,False,False,False,False,False,False,False,False,False,False,False,False,True,未分类,0.5,,,
2325,"Fixing link for ""How to to implement supply mechanisms"" in ERC20.sol [currently will open broken link in vs code]",fix,"fixing link for ""how to to implement supply mechanisms"" in erc20.sol [currently will open broken link in vs code]",True,False,False,False,False,False,False,False,False,False,False,False,False,False,False,False,False,False,False,False,True,未分类,1.0,,,
2324,chore: fix code style parameters in Event,fix,chore: fix code style parameters in event,False,False,False,False,False,False,False,False,False,False,False,False,False,False,False,False,False,False,False,False,True,未分类,0.5,,,
2322,Bug in ERC20 Token,bug,bug in erc20 token,True,False,False,False,False,False,False,False,False,False,False,False,False,False,False,False,False,False,False,False,True,未分类,1.0,,,
2266,fix wrong version,fix,fix wrong version,False,False,False,False,False,False,False,False,False,False,False,False,False,False,False,False,False,False,False,False,True,未分类,0.5,,,
2265,Create Fixed Point Signed Safe Library,fix,create fixed point signed safe library,False,False,False,False,False,False,False,False,False,False,False,False,False,False,False,False,False,False,False,False,True,未分类,0.5,,,
2220,Fix SafeERC20.safeApprove,fix,fix safeerc20.safeapprove,True,False,False,False,False,False,False,False,False,False,False,True,False,False,False,False,False,False,False,False,True,未分类,1.0,,,
2192,ERC721 deploy ready fixes,fix,erc721 deploy ready fixes,False,True,False,False,False,False,False,False,False,False,False,False,False,False,False,True,False,False,False,False,True,未分类,1.0,,,
2171,Fix ReentrancyGuard for Proxy Pattern,fix,fix reentrancyguard for proxy pattern,False,False,False,False,False,False,False,True,False,False,False,False,False,False,False,False,False,False,False,False,True,重入攻击,1.5,,,
2153,Fix broken xrefs,fix,fix broken xrefs,False,False,False,False,False,False,False,False,False,False,False,False,False,False,False,False,False,False,False,False,True,未分类,0.5,,,
2115,Fix deprecation warnings,fix,fix deprecation warnings,False,False,False,False,False,False,False,False,False,False,False,False,False,False,False,False,False,False,False,False,True,未分类,0.5,,,
2069,Fix EnumerableSetMock for 2.5.rc1,fix,fix enumerablesetmock for 2.5.rc1,False,False,False,False,False,False,False,False,False,False,False,False,False,False,False,False,False,False,False,False,True,未分类,0.5,,,
2053,Fix link to GSN overview,fix,fix link to gsn overview,False,False,False,False,False,False,False,False,False,False,False,False,False,False,False,False,False,False,False,False,True,未分类,0.5,,,
2018,Fix/improve revert reason #1727,fix,fix/improve revert reason #1727,False,False,False,False,False,False,False,False,False,False,False,False,False,False,False,False,False,False,False,False,True,未检查的返回值,1.5,,,
2005,Fix broken crossreference links,fix,fix broken crossreference links,False,False,False,False,False,False,False,False,False,False,False,False,False,False,False,False,False,False,False,False,True,未分类,0.5,,,
1950,Fix for error too long issue,fix,fix for error too long issue,False,False,False,False,False,False,False,False,False,False,False,False,False,False,False,False,False,False,False,False,True,未分类,0.5,,,
1920,GSNSignatureBouncer fix,fix,gsnsignaturebouncer fix,False,False,False,False,False,False,False,False,False,False,False,False,False,False,False,False,False,False,False,False,True,未分类,0.5,,,
1915,Fix bouncer signature tests,fix,fix bouncer signature tests,False,False,False,False,False,False,False,False,False,False,False,False,False,False,False,False,False,False,False,False,True,未分类,0.5,,,
1891,Fix Part 2 : renamed inconsistent identifier/variables names.,fix,fix part 2 : renamed inconsistent identifier/variables names.,False,False,False,False,False,False,False,False,False,False,False,False,False,False,False,False,False,False,False,False,True,未分类,0.5,,,
1890,Fix/added get approved tests#1148 2,fix,fix/added get approved tests#1148 2,False,False,False,False,False,False,False,False,False,False,False,True,False,False,False,False,False,False,False,False,True,算术问题,1.5,,,
1889,Fix/roles revamp #1772,fix,fix/roles revamp #1772,False,False,False,False,False,False,False,False,False,False,False,False,False,False,False,False,False,False,False,False,True,访问控制问题,1.5,,,
1877,Fixing CONTRIBUTING.md with runnable linting instructions,fix,fixing contributing.md with runnable linting instructions,False,False,False,False,False,False,False,False,False,False,False,False,False,False,False,False,False,False,False,False,True,未分类,0.5,,,
1849,TimedCrowdsale validation bug,bug,timedcrowdsale validation bug,False,False,False,False,False,False,False,False,False,False,False,False,False,False,False,False,False,False,False,False,True,操纵区块时间戳,1.5,,,
1836,Update bug_report.md,bug,update bug_report.md,False,False,False,False,False,False,False,False,False,False,False,False,False,False,False,False,False,False,False,False,True,操纵区块时间戳,1.5,,,
1820,Fix Part 1 : added tests for getApproved,fix,fix part 1 : added tests for getapproved,False,False,False,False,False,False,False,False,False,False,False,True,False,False,False,False,False,False,False,False,True,算术问题,1.5,,,
1804,Fix/chai.expect for chai.should,fix,fix/chai.expect for chai.should,False,False,False,False,False,False,False,False,False,False,False,False,False,False,False,False,False,False,False,False,True,未分类,0.5,,,
1732,Fix solc-nightly job,fix,fix solc-nightly job,False,False,False,False,False,False,False,False,False,False,False,False,False,False,False,False,False,False,False,False,True,未分类,0.5,,,
1718,Fix/rename anyone account #1357,fix,fix/rename anyone account #1357,False,False,False,False,False,False,False,False,False,False,False,False,False,False,False,False,False,False,False,False,True,未分类,0.5,,,
1710,Fix from account in remove role behaviors,fix,fix from account in remove role behaviors,False,False,False,False,False,False,False,False,False,False,False,False,False,False,False,False,False,False,False,False,True,访问控制问题,1.5,,,
1663,Fix weird date format in changelog,fix,fix weird date format in changelog,False,False,False,False,False,False,False,False,False,False,False,False,False,False,False,False,False,False,False,False,True,操纵区块时间戳,1.5,,,
1647,Fix SafeERC20.safeApprove bug,fix,fix safeerc20.safeapprove bug,True,False,False,False,False,False,False,False,False,False,False,True,False,False,False,False,False,False,False,False,True,未分类,1.0,,,
1606,Fix warnings,fix,fix warnings,False,False,False,False,False,False,False,False,False,False,False,False,False,False,False,False,False,False,False,False,True,未分类,0.5,,,
1605,Fix solc nightly travis job,fix,fix solc nightly travis job,False,False,False,False,False,False,False,False,False,False,False,False,False,False,False,False,False,False,False,False,True,未分类,0.5,,,
1544,Fixed SimpleToken.sol to match Solidity version 0.4.24 to 0.5.1,fix,fixed simpletoken.sol to match solidity version 0.4.24 to 0.5.1,False,False,False,False,False,False,False,False,False,False,False,False,False,False,False,False,False,False,False,False,True,未分类,0.5,,,
1485,Fix isOwnable view method behavior,fix,fix isownable view method behavior,False,False,False,False,False,False,True,False,False,False,False,False,False,False,False,False,False,False,False,False,True,访问控制问题,1.5,,,
1475,"Fix On RefundEscrow, add isState function #1461",fix,"fix on refundescrow, add isstate function #1461",False,False,False,False,False,False,False,False,False,False,False,False,False,False,False,False,False,False,False,False,True,算术问题,1.5,,,
1471,Fix/typecast address this token vesting #1457,fix,fix/typecast address this token vesting #1457,False,False,False,False,False,False,False,False,False,False,False,False,False,False,False,False,False,False,False,False,True,算术问题,1.5,,,
1470,Fix/cast 0 to address #1462,fix,fix/cast 0 to address #1462,False,False,False,False,False,False,False,False,False,False,False,False,False,False,False,False,False,False,False,False,True,算术问题,1.5,,,
1455,"Remove extraneous quantity check, fixes #1454",fix,"remove extraneous quantity check, fixes #1454",False,False,False,False,False,False,False,False,False,False,False,False,False,False,False,False,False,False,False,False,True,未分类,0.5,,,
1449,Fixed how allowance crowdsale checks remaining tokens.,fix,fixed how allowance crowdsale checks remaining tokens.,False,False,False,False,False,False,False,False,False,False,False,False,False,False,False,False,False,False,False,False,True,未分类,0.5,,,
1389,fix a burn bug: anyone can burn the NFT.,fix,fix a burn bug: anyone can burn the nft.,False,False,False,False,False,False,False,False,False,False,False,False,False,True,False,False,False,False,False,False,True,算术问题,1.5,,,
1368,Fix/#1355 test helper to check balance difference,fix,fix/#1355 test helper to check balance difference,False,False,False,False,False,False,False,False,False,False,False,False,False,False,False,False,False,False,False,False,True,算术问题,1.5,,,
1367,Fix #1358 Test helper to send funds,fix,fix #1358 test helper to send funds,False,False,False,False,False,False,False,False,False,False,False,False,False,False,False,False,False,False,False,False,True,未分类,0.5,,,
1324,Add Mock suffix to variable names #1172,fix,add mock suffix to variable names #1172,False,False,False,False,False,False,False,False,False,False,False,False,False,False,False,False,False,False,False,False,True,算术问题,1.5,,,
1321,Fixed relative import paths.,fix,fixed relative import paths.,False,False,False,False,False,False,False,False,False,False,False,False,False,False,False,False,False,False,False,False,True,未分类,0.5,,,
1318,Fixed a broken payment test (+ another small fix),fix,fixed a broken payment test (+ another small fix),False,False,False,False,False,False,False,False,False,False,False,False,False,False,False,False,False,False,False,False,True,未分类,0.5,,,
1317,Two small fixes,fix,two small fixes,False,False,False,False,False,False,False,False,False,False,False,False,False,False,False,False,False,False,False,False,True,未分类,0.5,,,
1310,Fixed variable shadowing.,fix,fixed variable shadowing.,False,False,False,False,False,False,False,False,False,False,False,False,False,False,False,False,False,False,False,False,True,未分类,0.5,,,
1301,Fixed Solium warnings.,fix,fixed solium warnings.,False,False,False,False,False,False,False,False,False,False,False,False,False,False,False,False,False,False,False,False,True,未分类,0.5,,,
1293,Fix decrease allowance and add non-zero address precondition to approve,fix,fix decrease allowance and add non-zero address precondition to approve,False,False,False,False,False,False,False,False,False,False,False,True,False,False,False,False,False,False,False,False,True,算术问题,1.5,,,
1282, Use prefix underscore for state variables and no underscore for parameters,fix, use prefix underscore for state variables and no underscore for parameters,False,False,False,False,False,False,False,False,False,False,False,False,False,False,False,False,False,False,False,False,True,未分类,0.5,,,
1252,Rename ERC interfaces to I prefix,fix,rename erc interfaces to i prefix,False,False,False,False,False,False,False,False,False,False,False,False,False,False,False,False,False,False,False,False,True,未分类,0.5,,,
1243,fix: refactor sign.js and related tests,fix,fix: refactor sign.js and related tests,False,False,False,False,False,False,False,False,False,False,False,False,False,False,False,False,False,False,False,False,True,未分类,0.5,,,
1226,Fix Coding Style (minor),fix,fix coding style (minor),False,False,False,False,False,False,False,False,False,False,False,False,False,False,False,False,False,False,False,False,True,未分类,0.5,,,
1218,Fix balance and allowance checks in _burn and _burnFrom,fix,fix balance and allowance checks in _burn and _burnfrom,False,False,False,False,False,False,False,False,False,False,False,False,False,True,False,False,False,False,False,False,True,算术问题,1.5,,,
1204,Publish testing suite and behavior fixtures,fix,publish testing suite and behavior fixtures,False,False,False,False,False,False,False,False,False,False,False,False,False,False,False,False,False,False,False,False,True,未分类,0.5,,,
1196,Use I prefix for ERC interfaces,fix,use i prefix for erc interfaces,False,False,False,False,False,False,False,False,False,False,False,False,False,False,False,False,False,False,False,False,True,未分类,0.5,,,
1171,"Added ""_"" sufix to internal variables",fix,"added ""_"" sufix to internal variables",False,False,False,False,False,False,False,False,False,False,False,False,False,False,False,False,False,False,False,False,True,算术问题,1.5,,,
1149,Fixed HasNoTokens test.,fix,fixed hasnotokens test.,False,False,False,False,False,False,False,False,False,False,False,False,False,False,False,False,False,False,False,False,True,未分类,0.5,,,
1133,Prefix all parameters with underscore,fix,prefix all parameters with underscore,False,False,False,False,False,False,False,False,False,False,False,False,False,False,False,False,False,False,False,False,True,未分类,0.5,,,
1123,assertRevert: Fix late return bug,fix,assertrevert: fix late return bug,False,False,False,False,False,False,False,False,False,False,False,False,False,False,False,False,False,False,False,False,True,未检查的返回值,1.5,,,
1114,fix: move RBAC to //access,fix,fix: move rbac to //access,False,False,False,False,False,False,False,False,False,False,False,False,False,False,False,False,False,False,False,False,True,访问控制问题,1.5,,,
1113,fix: solium linting errors,fix,fix: solium linting errors,False,False,False,False,False,False,False,False,False,False,False,False,False,False,False,False,False,False,False,False,True,未分类,0.5,,,
1112,"fix: bounty tests, superceeds #799",fix,"fix: bounty tests, superceeds #799",False,False,False,False,False,False,False,False,False,False,False,False,False,False,False,False,False,False,False,False,True,未分类,0.5,,,
1092,Fix solidity linting errors,fix,fix solidity linting errors,False,False,False,False,False,False,False,False,False,False,False,False,False,False,False,False,False,False,False,False,True,未分类,0.5,,,
1063,decrease approval condition fix (greater than and equal to),fix,decrease approval condition fix (greater than and equal to),False,False,False,False,False,False,False,False,False,False,False,False,False,False,False,False,False,False,False,False,True,未分类,0.5,,,
1053,Fix dependency warnings,fix,fix dependency warnings,False,False,False,False,False,False,False,False,False,False,False,False,False,False,False,False,False,False,False,False,True,未分类,0.5,,,
1049,how to find the problem ?,problem,how to find the problem ?,False,False,False,False,False,False,False,False,False,False,False,False,False,False,False,False,False,False,False,False,True,未分类,0.0,,,
1010,Implementation of Generic Timelock (fixes #239),fix,implementation of generic timelock (fixes #239),False,False,False,False,False,False,False,False,True,False,False,False,False,False,False,False,False,False,False,False,True,操纵区块时间戳,1.5,,,
993,Fix/erc721,fix,fix/erc721,False,True,False,False,False,False,False,False,False,False,False,False,False,False,False,False,False,False,False,False,True,未分类,1.0,,,
981,Fix/whitelisted crowdsale,fix,fix/whitelisted crowdsale,False,False,False,False,False,False,False,False,False,False,False,False,False,False,False,False,False,False,False,False,True,未分类,0.5,,,
975,Fix solidity version,fix,fix solidity version,False,False,False,False,False,False,False,False,False,False,False,False,False,False,False,False,False,False,False,False,True,未分类,0.5,,,
964,"fix: remove daylimit.sol, closes #925",fix,"fix: remove daylimit.sol, closes #925",False,False,False,False,False,False,False,False,False,False,False,False,False,False,False,False,False,False,False,False,True,未分类,0.5,,,
949,Fix Node 10 compatibility,fix,fix node 10 compatibility,False,False,False,False,False,False,False,False,False,False,False,False,False,False,False,False,False,False,False,False,True,未分类,0.5,,,
927,fix: force RefundableCrowdsale to also be a PostDeliveryCrowdsale,fix,fix: force refundablecrowdsale to also be a postdeliverycrowdsale,False,False,False,False,False,False,False,False,False,False,False,False,False,False,False,False,False,False,False,False,True,未分类,0.5,,,
916,Fixed a wrong variable name in SampleCrowdsale.test.js.,fix,fixed a wrong variable name in samplecrowdsale.test.js.,False,False,False,False,False,False,False,False,False,False,False,False,False,False,False,False,False,False,False,False,True,未分类,0.5,,,
912,Fix clearing of ownedTokensIndex and allTokensIndex in ERC721Token.sol,fix,fix clearing of ownedtokensindex and alltokensindex in erc721token.sol,False,True,False,False,False,False,False,False,False,False,False,False,False,False,False,False,False,False,False,False,True,未分类,1.0,,,
911,Fix ERC721 test is not checking name and symbol properly #910,fix,fix erc721 test is not checking name and symbol properly #910,False,True,False,False,False,False,False,False,False,False,False,False,False,False,False,False,False,False,False,False,True,未分类,1.0,,,
909,Fix ERC721Token.sol code indent,fix,fix erc721token.sol code indent,False,True,False,False,False,False,False,False,False,False,False,False,False,False,False,False,False,False,False,False,True,未分类,1.0,,,
885,Various fixes and formatting chores,fix,various fixes and formatting chores,False,False,False,False,False,False,False,False,False,False,False,False,False,False,False,False,False,False,False,False,True,未分类,0.5,,,
873,Avoid deprecated direct event call by prefixing with emit calls,fix,avoid deprecated direct event call by prefixing with emit calls,False,False,False,False,False,False,False,False,False,False,False,False,False,False,False,False,False,False,False,False,True,未分类,0.5,,,
863,fix: hotfix event emission compiler warning,fix,fix: hotfix event emission compiler warning,False,False,False,False,False,False,False,False,False,False,False,False,False,False,False,False,False,False,False,False,True,未分类,0.5,,,
857,Crowdsale.sol contract has a bug in setting rate,bug,crowdsale.sol contract has a bug in setting rate,False,False,False,False,False,False,False,False,False,False,False,False,False,False,False,False,False,False,False,False,True,未分类,0.5,,,
844,tests: fix most of the static warnings,fix,tests: fix most of the static warnings,False,False,False,False,False,False,False,False,False,False,False,False,False,False,False,False,False,False,False,False,True,未分类,0.5,,,
829,Fix/add erc223 support #609,fix,fix/add erc223 support #609,False,False,False,False,False,False,False,False,False,False,False,False,False,False,False,False,False,False,False,False,True,算术问题,1.5,,,
823,Fix PullPayment.sol - Remove assert and change send() to transfer(),fix,fix pullpayment.sol - remove assert and change send() to transfer(),False,False,False,False,False,False,False,False,False,False,True,False,False,False,False,False,False,False,False,False,True,算术问题,1.5,,,
808,signing prefix added in contract itself,fix,signing prefix added in contract itself,False,False,False,False,False,False,False,False,False,False,False,False,False,False,False,False,False,False,False,False,True,算术问题,1.5,,,
805,Problems withdrawing tokens with PostDeliveryCrowdsale,problem,problems withdrawing tokens with postdeliverycrowdsale,False,False,False,False,False,False,False,False,False,False,False,False,False,False,False,False,False,False,False,False,True,未分类,0.0,,,
799,Fix race condition in bounty test.,fix,fix race condition in bounty test.,False,False,False,False,False,False,False,False,False,False,False,False,False,False,False,False,False,False,False,False,True,未分类,0.5,,,
794,Fix version error for truffle-flattener.,fix,fix version error for truffle-flattener.,False,False,False,False,False,False,False,False,False,False,False,False,False,False,False,False,False,False,False,False,True,未分类,0.5,,,
792,Tiny indentation fix in MintedCrowdsale,fix,tiny indentation fix in mintedcrowdsale,False,False,False,False,False,False,False,False,False,False,False,False,True,False,False,False,False,False,False,False,True,算术问题,1.5,,,
789,Bugfix/fix individuallycapped flaky test,fix,bugfix/fix individuallycapped flaky test,False,False,False,False,False,False,False,False,False,False,False,False,False,False,False,False,False,False,False,False,True,算术问题,1.5,,,
777,"Use the latest ERC-721 draft interface, fixes #745",fix,"use the latest erc-721 draft interface, fixes #745",False,False,False,False,False,False,False,False,False,False,False,False,False,False,False,False,False,False,False,False,True,未分类,0.5,,,
773,Fix capped crowdsale flaky test,fix,fix capped crowdsale flaky test,False,False,False,False,False,False,False,False,False,False,False,False,False,False,False,False,False,False,False,False,True,未分类,0.5,,,
736,install problem,problem,install problem,False,False,False,False,False,False,False,False,False,False,False,False,False,False,False,False,False,False,False,False,True,未分类,0.0,,,
729,ERC20 standard implementation bug.,bug,erc20 standard implementation bug.,True,False,False,False,False,False,False,False,False,False,False,False,False,False,False,False,False,False,False,False,True,未分类,1.0,,,
698,fix: reference contract name rather than filepath,fix,fix: reference contract name rather than filepath,False,False,False,False,False,False,False,False,False,False,False,False,False,False,False,False,False,False,False,False,True,未分类,0.5,,,
693,Fix test name,fix,fix test name,False,False,False,False,False,False,False,False,False,False,False,False,False,False,False,False,False,False,False,False,True,未分类,0.5,,,
687,fix reference of RBAC usage.,fix,fix reference of rbac usage.,False,False,False,False,False,False,False,False,False,False,False,False,False,False,False,False,False,False,False,False,True,未分类,0.5,,,
677,Fix error testing in DelayClaimable tests,fix,fix error testing in delayclaimable tests,False,False,False,False,False,False,False,False,False,False,False,False,False,False,False,False,False,False,False,False,True,未分类,0.5,,,
676,"feat: add solidity syntax highlighting directive, fixes #671",fix,"feat: add solidity syntax highlighting directive, fixes #671",False,False,False,False,False,False,False,False,False,False,False,False,False,False,False,False,False,False,False,False,True,算术问题,1.5,,,
672,Fix error testing in DelayClaimable tests,fix,fix error testing in delayclaimable tests,False,False,False,False,False,False,False,False,False,False,False,False,False,False,False,False,False,False,False,False,True,未分类,0.5,,,
664,fixup: issue template mdown syntax,fix,fixup: issue template mdown syntax,False,False,False,False,False,False,False,False,False,False,False,False,False,False,False,False,False,False,False,False,True,未分类,0.5,,,
648,fixup: update package-lock.json by running npm install,fix,fixup: update package-lock.json by running npm install,False,False,False,False,False,False,False,False,False,False,False,False,False,False,False,False,False,False,False,False,True,操纵区块时间戳,1.5,,,
647,update the PR template to suggest `npm run lint:fix`,fix,update the pr template to suggest `npm run lint:fix`,False,False,False,False,False,False,False,False,False,False,False,False,False,False,False,False,False,False,False,False,True,操纵区块时间戳,1.5,,,
646,feat: add 'npm run lint:fix' script,fix,feat: add 'npm run lint:fix' script,False,False,False,False,False,False,False,False,False,False,False,False,False,False,False,False,False,False,False,False,True,算术问题,1.5,,,
644,Possible critical bug in ECRecovery,bug,possible critical bug in ecrecovery,False,False,False,False,False,False,False,False,False,False,False,False,False,False,False,False,False,False,False,False,True,未分类,0.5,,,
642,add a lint:fix command to package.json,fix,add a lint:fix command to package.json,False,False,False,False,False,False,False,False,False,False,False,False,False,False,False,False,False,False,False,False,True,算术问题,1.5,,,
604,test: fix the mocks path in ReentrancyGuard test,fix,test: fix the mocks path in reentrancyguard test,False,False,False,False,False,False,False,False,False,False,False,False,False,False,False,False,False,False,False,False,True,重入攻击,1.5,,,
582,fix: make SplitPayment payable by default,fix,fix: make splitpayment payable by default,False,False,False,False,False,False,False,False,False,False,False,False,False,False,False,False,False,False,False,False,True,未分类,0.5,,,
574,Fix unused variable warning in `Standard Token.sol`,fix,fix unused variable warning in `standard token.sol`,False,False,False,False,False,False,False,False,False,False,False,False,False,False,False,False,False,False,False,False,True,未分类,0.5,,,
572,Problem: unused variable `remaining` in StandardToken.sol,problem,problem: unused variable `remaining` in standardtoken.sol,False,False,False,False,False,False,False,False,False,False,False,False,False,False,False,False,False,False,False,False,True,未分类,0.0,,,
563,Fix/511,fix,fix/511,False,False,False,False,False,False,False,False,False,False,False,False,False,False,False,False,False,False,False,False,True,未分类,0.5,,,
541,i got problem ,problem,i got problem ,False,False,False,False,False,False,False,False,False,False,False,False,False,False,False,False,False,False,False,False,True,未分类,0.0,,,
531,Update to TestRPC 6.0.1 and test fixes for revert opcode.,fix,update to testrpc 6.0.1 and test fixes for revert opcode.,False,False,False,False,False,False,False,False,False,False,False,False,False,False,False,False,False,False,False,False,True,未检查的返回值,1.5,,,
520,Can't step through transaction during debug,bug,can't step through transaction during debug,False,False,False,False,False,False,False,False,False,False,False,False,False,False,False,False,False,False,False,False,True,未分类,0.5,,,
519,Fix/upgrade to solidity 0417,fix,fix/upgrade to solidity 0417,False,False,False,False,False,False,False,False,False,False,False,False,False,False,False,False,True,False,False,False,True,未知函数调用,1.5,,,
495,Update Solidity and fixed Solium warnings,fix,update solidity and fixed solium warnings,False,False,False,False,False,False,False,False,False,False,False,False,False,False,False,False,False,False,False,False,True,操纵区块时间戳,1.5,,,
492,TokenVesting bugfix,fix,tokenvesting bugfix,False,False,False,False,False,False,False,False,False,False,False,False,False,False,False,False,False,False,False,False,True,未分类,0.5,,,
489,fixes #488,fix,fixes #488,False,False,False,False,False,False,False,False,False,False,False,False,False,False,False,False,False,False,False,False,True,未分类,0.5,,,
448,A bunch of small fixes,fix,a bunch of small fixes,False,False,False,False,False,False,False,False,False,False,False,False,False,False,False,False,False,False,False,False,True,未分类,0.5,,,
447,Safer version of StandardToken. Fix #442,fix,safer version of standardtoken. fix #442,False,False,False,False,False,False,False,False,False,False,False,False,False,False,False,False,False,False,False,False,True,未分类,0.5,,,
377,fix for issue 375: transferFrom allows sending to self more than self balance,fix,fix for issue 375: transferfrom allows sending to self more than self balance,False,False,False,False,False,False,False,False,False,False,True,False,False,False,False,False,False,False,False,False,True,算术问题,1.5,,,
376,[bugfix] windows incompatibilty,fix,[bugfix] windows incompatibilty,False,False,False,False,False,False,False,False,False,False,False,False,False,False,False,False,False,False,False,False,True,未分类,0.5,,,
373,Fix mispelled words (#371),fix,fix mispelled words (#371),False,False,False,False,False,False,False,False,False,False,False,False,False,False,False,False,False,False,False,False,True,未分类,0.5,,,
329,Fix test script cleanup and portability,fix,fix test script cleanup and portability,False,False,False,False,False,False,False,False,False,False,False,False,False,False,False,False,False,False,False,False,True,未分类,0.5,,,
327,fix testing error throwing,fix,fix testing error throwing,False,False,False,False,False,False,False,False,False,False,False,False,False,False,False,False,False,False,False,False,True,未分类,0.5,,,
314,Fix off by one error in VestedToken,fix,fix off by one error in vestedtoken,False,False,False,False,False,False,False,False,False,False,False,False,False,False,False,False,False,False,False,False,True,未分类,0.5,,,
313,Possible bug in StandardToken.sol,bug,possible bug in standardtoken.sol,False,False,False,False,False,False,False,False,False,False,False,False,False,False,False,False,False,False,False,False,True,未分类,0.5,,,
304,Fix coverage,fix,fix coverage,False,False,False,False,False,False,False,False,False,False,False,False,False,False,False,False,False,False,False,False,True,未分类,0.5,,,
302,Crowdsale token price rate is fixed,fix,crowdsale token price rate is fixed,False,False,False,False,False,False,False,False,False,False,False,False,False,False,False,False,False,False,False,False,True,未分类,0.5,,,
291,Fix coveralls integration,fix,fix coveralls integration,False,False,False,False,False,False,False,False,False,False,False,False,False,False,False,False,False,False,False,False,True,未分类,0.5,,,
231,Implement VestedToken bug mitigation #3,bug,implement vestedtoken bug mitigation #3,False,False,False,False,False,False,False,False,False,False,False,False,False,False,False,False,False,False,False,False,True,未分类,0.5,,,
229,DO NOT MERGE: checking if my PR fixes @izqui's PR,fix,do not merge: checking if my pr fixes @izqui's pr,False,False,False,False,False,False,False,False,False,False,False,False,False,False,False,False,False,False,False,False,True,未分类,0.5,,,
220,Fix double spend on approve and Short Address attack on transferFrom,fix,fix double spend on approve and short address attack on transferfrom,False,False,False,False,False,False,False,False,False,False,True,True,False,False,False,False,False,False,False,False,True,算术问题,1.5,,,
188,fix for short address attack,fix,fix for short address attack,False,False,False,False,False,False,False,False,False,False,False,False,False,False,False,False,False,False,False,False,True,算术问题,1.5,,,
168,ERC20 approve problem,problem,erc20 approve problem,True,False,False,False,False,False,False,False,False,False,False,True,False,False,False,False,False,False,False,False,True,未分类,0.5,,,
167,Fix travis build,fix,fix travis build,False,False,False,False,False,False,False,False,False,False,False,False,False,False,False,False,False,False,False,False,True,未分类,0.5,,,
123,fix link,fix,fix link,False,False,False,False,False,False,False,False,False,False,False,False,False,False,False,False,False,False,False,False,True,未分类,0.5,,,
106,fixes gh-99 PullPaymentMock needed a payable constructor,fix,fixes gh-99 pullpaymentmock needed a payable constructor,False,False,False,False,False,False,False,False,False,False,False,False,False,False,False,False,False,False,False,False,True,错误的构造器命名,1.5,,,
99,Fix test failing on travis,fix,fix test failing on travis,False,False,False,False,False,False,False,False,False,False,False,False,False,False,False,False,False,False,False,False,True,未分类,0.5,,,
82,fix multisig problems,fix,fix multisig problems,False,False,False,False,False,False,False,False,False,False,False,False,False,False,False,False,False,False,False,False,True,算术问题,1.5,,,
79,Inherit Ownable in Migrations and Killable. Fix variable naming.,fix,inherit ownable in migrations and killable. fix variable naming.,False,False,False,False,False,False,True,False,False,False,False,False,False,False,False,False,False,False,False,False,True,访问控制问题,1.5,,,
78,DelayedClaimable contract extension of Claimable fix #64,fix,delayedclaimable contract extension of claimable fix #64,False,False,False,False,False,False,False,False,False,False,False,False,False,False,False,False,False,False,False,False,True,未分类,0.5,,,
75,Run Solium on Zeppelin repo and fix problems,fix,run solium on zeppelin repo and fix problems,False,False,False,False,False,False,False,False,False,False,False,False,False,False,False,False,False,False,False,False,True,未分类,0.5,,,
71,fix truffle build,fix,fix truffle build,False,False,False,False,False,False,False,False,False,False,False,False,False,False,False,False,False,False,False,False,True,未分类,0.5,,,
67,Move away from migration fixtures in tests,fix,move away from migration fixtures in tests,False,False,False,False,False,False,False,False,False,False,False,False,False,False,False,False,False,False,False,False,True,未分类,0.5,,,
26,Minor fixes,fix,minor fixes,False,False,False,False,False,False,False,False,False,False,False,False,False,False,False,False,False,False,False,False,True,未分类,0.5,,,
